{
  "store.custom.grocery-store#about-us": {
    "blocks": [
      "__fold__.experimentalLazyAssets",
      "flex-layout.row#about-us"
    ]
  },

  "flex-layout.row#about-us": {
    "children": [
      "image#mobile-phone",
      "flex-layout.col#text-about-us"
    ]
  },

  "flex-layout.col#text-about-us": {
    "children": [
      "rich-text#title-about-us",
      "rich-text#about-us"
    ],
    "props": {
      "blockclass": "textColumn",
      "preventVerticalStretch": true
    }
  },

  "rich-text#title-about-us": {
    "props": {
      "text":
      "# Create meaningful and relevant experiences.",
      "blockClass": "title"
    }
  },

  "image#mobile-phone": {
    "props": {
      "src": "https://storecomponents.vteximg.com.br/arquivos/mobile-phone.png",
      "maxHeight": "",
      "maxWidth": "",
      "blockClass": "storePrint"
    }
  },

  "rich-text#about-us": {
    "props": {
      "text": "**Optimized store framework** \n Free your front-end with our React + Node store framework. Improve usability and SEO, while driving more conversion with modular components, single page applications, and a ready-for-PWA structure. \n **Multi-currency and language** \n Go international with multiple storefronts to support different languages and easily manage local currencies and payment conditions. \n **Serverless development platform** \n Reduce loading time, improve usability, and make the best out of SEO. Developing scalable components with a comprehensive, easy-to-use toolset, you can build stores faster than ever.",
      "blockClass": "about"
    }
  }
}
