{
  "minicart.v2": {
    "children": [
      "minicart-base-content"
    ],
    "props": {
      "initialOpen": true
    }
  },
  "minicart-base-content": {
    "blocks": [
      "minicart-empty-state"
    ],
    "children": [
      "minicart-product-list",
      "flex-layout.row#minicart-footer"
    ]
  },
  "flex-layout.row#minicart-footer": {
    "props": {
      "blockClass": "minicart-footer"
    },
    "children": [
      "flex-layout.col#minicart-footer"
    ]
  },
  "flex-layout.col#minicart-footer": {
    "children": [
      "minicart-summary",
      "minicart-checkout-button"
    ]
  },
  "minicart-product-list": {
    "blocks": [
      "product-list#minicart"
    ]
  },
  "product-list#minicart": {
    "blocks": [
      "product-list-content-mobile"
    ]
  },
  "minicart-summary": {
    "blocks": [
      "checkout-summary.compact#minicart"
    ]
  },
  "checkout-summary.compact#minicart": {
    "children": [
      "summary-totalizers#minicart",
      "minicart-status-bar"
    ],
    "props": {
      "totalizersToShow": [
        "Items",
        "Discounts"
      ]
    }
  },
  "minicart-status-bar": {
    "props": {
      "goToCheckout": "GO TO CHECKOUT",
      "addMore": "ADD MORE",
      "minimum": "minimum"
    }
  },
  "summary-totalizers#minicart": {
    "props": {
      "showTotal": true,
      "showDeliveryTotal": false
    }
  },
  "minicart-empty-state": {
    "children": [
      "flex-layout.row#empty-state"
    ]
  },
  "flex-layout.row#empty-state": {
    "children": [
      "flex-layout.col#empty-state"
    ]
  },
  "flex-layout.col#empty-state": {
    "children": [
      "rich-text#empty-state"
    ]
  },
  "rich-text#empty-state": {
    "props": {
      "text": "Your cart is empty!"
    }
  }
}